{"cameraMode":{"drawMode":0,"name":"Shaded","section":"Shading Mode"},"sceneLighting":true,"audioPlay":false,"sceneViewState":{"showFog":true,"showMaterialUpdate":true,"showSkybox":true,"showFlares":true,"showImageEffects":true,"showParticleSystems":true},"in2DMode":false,"pivot":{"x":0.6200001239776611,"y":2.3435001373291017,"z":-2.7664999961853029},"rotation":{"x":-0.09597908705472946,"y":0.8073262572288513,"z":-0.13692165911197663,"w":-0.5659194588661194},"size":46.2271728515625,"orthographic":true}