{"cameraMode":{"drawMode":0,"name":"Shaded","section":"Shading Mode"},"sceneLighting":false,"audioPlay":false,"sceneViewState":{"showFog":true,"showMaterialUpdate":true,"showSkybox":false,"showFlares":true,"showImageEffects":true,"showParticleSystems":true},"in2DMode":false,"pivot":{"x":-1.9889999628067017,"y":0.5278909802436829,"z":0.40199995040893557},"rotation":{"x":0.008511073887348175,"y":0.9868544936180115,"z":-0.1515723615884781,"w":0.05542231351137161},"size":4.432149887084961,"orthographic":true}