{"cameraMode":{"drawMode":0,"name":"Shaded","section":"Shading Mode"},"sceneLighting":false,"audioPlay":false,"sceneViewState":{"showFog":true,"showMaterialUpdate":true,"showSkybox":false,"showFlares":true,"showImageEffects":true,"showParticleSystems":true},"in2DMode":false,"pivot":{"x":1.1760001182556153,"y":0.5953285098075867,"z":3.9130001068115236},"rotation":{"x":-0.039641011506319049,"y":0.9306191802024841,"z":-0.10598669946193695,"w":-0.3480566442012787},"size":5.7650017738342289,"orthographic":true}