{"cameraMode":{"drawMode":0,"name":"Shaded","section":"Shading Mode"},"sceneLighting":false,"audioPlay":false,"sceneViewState":{"showFog":true,"showMaterialUpdate":true,"showSkybox":false,"showFlares":true,"showImageEffects":true,"showParticleSystems":true},"in2DMode":false,"pivot":{"x":-4.5503740310668949,"y":0.595858097076416,"z":-7.10667610168457},"rotation":{"x":0.007526743225753307,"y":0.985244870185852,"z":-0.16496866941452027,"w":0.04495997726917267},"size":2.5226833820343019,"orthographic":true}