{"cameraMode":{"drawMode":0,"name":"Shaded","section":"Shading Mode"},"sceneLighting":false,"audioPlay":false,"sceneViewState":{"showFog":true,"showMaterialUpdate":true,"showSkybox":false,"showFlares":true,"showImageEffects":true,"showParticleSystems":true},"in2DMode":false,"pivot":{"x":0.4390000104904175,"y":0.5953285098075867,"z":1.2389999628067017},"rotation":{"x":0.007526743225753307,"y":0.985244870185852,"z":-0.16496866941452027,"w":0.04495997726917267},"size":3.892491102218628,"orthographic":true}