{"cameraMode":{"drawMode":0,"name":"Shaded","section":"Shading Mode"},"sceneLighting":true,"audioPlay":false,"sceneViewState":{"showFog":true,"showMaterialUpdate":true,"showSkybox":true,"showFlares":true,"showImageEffects":true,"showParticleSystems":true},"in2DMode":false,"pivot":{"x":-2.0614712238311769,"y":0.7070939540863037,"z":-2.327726364135742},"rotation":{"x":0.04706621915102005,"y":-0.026959490031003953,"z":0.001270716660656035,"w":0.9985271096229553},"size":4.860185623168945,"orthographic":false}