{"cameraMode":{"drawMode":0,"name":"Shaded","section":"Shading Mode"},"sceneLighting":true,"audioPlay":false,"sceneViewState":{"showFog":true,"showMaterialUpdate":true,"showSkybox":false,"showFlares":true,"showImageEffects":true,"showParticleSystems":true},"in2DMode":false,"pivot":{"x":-4.460999965667725,"y":0.6524882912635803,"z":-0.1659998893737793},"rotation":{"x":-0.026667362079024316,"y":0.9206340909004211,"z":-0.06390337646007538,"w":-0.3842371106147766},"size":4.668461322784424,"orthographic":true}