{"cameraMode":{"drawMode":0,"name":"Shaded","section":"Shading Mode"},"sceneLighting":false,"audioPlay":false,"sceneViewState":{"showFog":true,"showMaterialUpdate":true,"showSkybox":false,"showFlares":true,"showImageEffects":true,"showParticleSystems":true},"in2DMode":false,"pivot":{"x":-4.6135969161987309,"y":0.43107661604881289,"z":-6.16996955871582},"rotation":{"x":0.04472244158387184,"y":0.9421363472938538,"z":-0.13978809118270875,"w":0.3013940155506134},"size":1.6511558294296265,"orthographic":true}