{"cameraMode":{"drawMode":0,"name":"Shaded","section":"Shading Mode"},"sceneLighting":false,"audioPlay":false,"sceneViewState":{"showFog":true,"showMaterialUpdate":true,"showSkybox":false,"showFlares":true,"showImageEffects":true,"showParticleSystems":true},"in2DMode":false,"pivot":{"x":2.2260000705718996,"y":0.6551252007484436,"z":-4.089959621429443},"rotation":{"x":-0.13974672555923463,"y":-0.051947250962257388,"z":0.00733795203268528,"w":-0.9887964725494385},"size":4.111953258514404,"orthographic":true}