{"cameraMode":{"drawMode":0,"name":"Shaded","section":"Shading Mode"},"sceneLighting":false,"audioPlay":false,"sceneViewState":{"showFog":true,"showMaterialUpdate":true,"showSkybox":false,"showFlares":true,"showImageEffects":true,"showParticleSystems":true},"in2DMode":false,"pivot":{"x":3.881999969482422,"y":1.1580173969268799,"z":-4.208499908447266},"rotation":{"x":-0.13974672555923463,"y":-0.051947250962257388,"z":0.00733795203268528,"w":-0.9887964725494385},"size":5.286860466003418,"orthographic":true}