{"cameraMode":{"drawMode":0,"name":"Shaded","section":"Shading Mode"},"sceneLighting":false,"audioPlay":false,"sceneViewState":{"showFog":true,"showMaterialUpdate":true,"showSkybox":false,"showFlares":true,"showImageEffects":true,"showParticleSystems":true},"in2DMode":false,"pivot":{"x":2.61899995803833,"y":0.12199999392032623,"z":-6.0970001220703129},"rotation":{"x":-0.13974672555923463,"y":-0.051947250962257388,"z":0.00733795203268528,"w":-0.9887964725494385},"size":4.820189476013184,"orthographic":true}