{"cameraMode":{"drawMode":0,"name":"Shaded","section":"Shading Mode"},"sceneLighting":false,"audioPlay":false,"sceneViewState":{"showFog":true,"showMaterialUpdate":true,"showSkybox":false,"showFlares":true,"showImageEffects":true,"showParticleSystems":true},"in2DMode":false,"pivot":{"x":1.50600004196167,"y":0.786639928817749,"z":-9.116999626159668},"rotation":{"x":0.008511073887348175,"y":0.9868544936180115,"z":-0.1515723615884781,"w":0.05542231351137161},"size":0.9706723690032959,"orthographic":true}