{"cameraMode":{"drawMode":0,"name":"Shaded","section":"Shading Mode"},"sceneLighting":false,"audioPlay":false,"sceneViewState":{"showFog":true,"showMaterialUpdate":true,"showSkybox":false,"showFlares":true,"showImageEffects":true,"showParticleSystems":true},"in2DMode":false,"pivot":{"x":3.2200000286102297,"y":1.0927278995513917,"z":1.152999997138977},"rotation":{"x":0.007526743225753307,"y":0.985244870185852,"z":-0.16496866941452027,"w":0.04495997726917267},"size":2.516206741333008,"orthographic":true}