{"cameraMode":{"drawMode":0,"name":"Shaded","section":"Shading Mode"},"sceneLighting":false,"audioPlay":false,"sceneViewState":{"showFog":true,"showMaterialUpdate":true,"showSkybox":false,"showFlares":true,"showImageEffects":true,"showParticleSystems":true},"in2DMode":false,"pivot":{"x":-1.9790412187576295,"y":-0.0974884182214737,"z":-0.11274099349975586},"rotation":{"x":-0.08175230026245117,"y":0.7054747343063355,"z":-0.08248922228813172,"w":-0.6991549134254456},"size":1.7695518732070923,"orthographic":true}