{"cameraMode":{"drawMode":0,"name":"Shaded","section":"Shading Mode"},"sceneLighting":false,"audioPlay":false,"sceneViewState":{"showFog":true,"showMaterialUpdate":true,"showSkybox":false,"showFlares":true,"showImageEffects":true,"showParticleSystems":true},"in2DMode":false,"pivot":{"x":0.2849999666213989,"y":0.6262266635894775,"z":-8.833999633789063},"rotation":{"x":-0.07609332352876663,"y":0.49670079350471499,"z":-0.04377605766057968,"w":-0.8634707927703857},"size":3.2775511741638185,"orthographic":true}