{"cameraMode":{"drawMode":0,"name":"Shaded","section":"Shading Mode"},"sceneLighting":false,"audioPlay":false,"sceneViewState":{"showFog":true,"showMaterialUpdate":true,"showSkybox":false,"showFlares":true,"showImageEffects":true,"showParticleSystems":true},"in2DMode":false,"pivot":{"x":-3.917250156402588,"y":0.6670280694961548,"z":-0.1659998893737793},"rotation":{"x":0.008511073887348175,"y":0.9868544936180115,"z":-0.1515723615884781,"w":0.05542231351137161},"size":8.336524963378907,"orthographic":true}