{"cameraMode":{"drawMode":0,"name":"Shaded","section":"Shading Mode"},"sceneLighting":false,"audioPlay":false,"sceneViewState":{"showFog":true,"showMaterialUpdate":true,"showSkybox":false,"showFlares":true,"showImageEffects":true,"showParticleSystems":true},"in2DMode":false,"pivot":{"x":1.4129999876022339,"y":0.3636781573295593,"z":1.6679999828338624},"rotation":{"x":-0.0669354572892189,"y":0.2847880721092224,"z":-0.0199427492916584,"w":-0.9560427665710449},"size":1.8461410999298096,"orthographic":true}