{"cameraMode":{"drawMode":0,"name":"Shaded","section":"Shading Mode"},"sceneLighting":false,"audioPlay":false,"sceneViewState":{"showFog":true,"showMaterialUpdate":true,"showSkybox":false,"showFlares":true,"showImageEffects":true,"showParticleSystems":true},"in2DMode":false,"pivot":{"x":1.5149999856948853,"y":0.5340368747711182,"z":-8.759271621704102},"rotation":{"x":-0.13974672555923463,"y":-0.051947250962257388,"z":0.00733795203268528,"w":-0.9887964725494385},"size":3.041055679321289,"orthographic":true}