{"cameraMode":{"drawMode":0,"name":"Shaded","section":"Shading Mode"},"sceneLighting":false,"audioPlay":false,"sceneViewState":{"showFog":true,"showMaterialUpdate":true,"showSkybox":false,"showFlares":true,"showImageEffects":true,"showParticleSystems":true},"in2DMode":false,"pivot":{"x":2.8429999351501467,"y":0.5702593922615051,"z":-8.187999725341797},"rotation":{"x":-0.13974672555923463,"y":-0.051947250962257388,"z":0.00733795203268528,"w":-0.9887964725494385},"size":5.523739337921143,"orthographic":true}