{"cameraMode":{"drawMode":0,"name":"Shaded","section":"Shading Mode"},"sceneLighting":false,"audioPlay":false,"sceneViewState":{"showFog":true,"showMaterialUpdate":true,"showSkybox":false,"showFlares":true,"showImageEffects":true,"showParticleSystems":true},"in2DMode":false,"pivot":{"x":-4.836999893188477,"y":2.359874725341797,"z":2.630000114440918},"rotation":{"x":0.008511073887348175,"y":0.9868544936180115,"z":-0.1515723615884781,"w":0.05542231351137161},"size":2.690535306930542,"orthographic":true}