{"cameraMode":{"drawMode":0,"name":"Shaded","section":"Shading Mode"},"sceneLighting":false,"audioPlay":false,"sceneViewState":{"showFog":true,"showMaterialUpdate":true,"showSkybox":false,"showFlares":true,"showImageEffects":true,"showParticleSystems":true},"in2DMode":false,"pivot":{"x":-4.481592655181885,"y":1.3702919483184815,"z":-4.444155693054199},"rotation":{"x":0.008511073887348175,"y":0.9868544936180115,"z":-0.1515723615884781,"w":0.05542231351137161},"size":6.846210956573486,"orthographic":true}