{"cameraMode":{"drawMode":0,"name":"Shaded","section":"Shading Mode"},"sceneLighting":false,"audioPlay":false,"sceneViewState":{"showFog":true,"showMaterialUpdate":true,"showSkybox":false,"showFlares":true,"showImageEffects":true,"showParticleSystems":true},"in2DMode":false,"pivot":{"x":3.184999942779541,"y":0.40458232164382937,"z":1.1740000247955323},"rotation":{"x":0.007526743225753307,"y":0.985244870185852,"z":-0.16496866941452027,"w":0.04495997726917267},"size":3.211627721786499,"orthographic":true}