{"cameraMode":{"drawMode":0,"name":"Shaded","section":"Shading Mode"},"sceneLighting":false,"audioPlay":false,"sceneViewState":{"showFog":true,"showMaterialUpdate":true,"showSkybox":false,"showFlares":true,"showImageEffects":true,"showParticleSystems":true},"in2DMode":false,"pivot":{"x":-0.5490000247955322,"y":1.210280179977417,"z":-8.244999885559082},"rotation":{"x":0.007526743225753307,"y":0.985244870185852,"z":-0.16496866941452027,"w":0.04495997726917267},"size":2.528979778289795,"orthographic":true}